soil_type,district,season,crop_type,ph,nitrogen,phosphorus,potassium,moisture,organicMatter
Alluvial,Colombo,Maha,banana,6.29,80.01,40.29,54.37,32.04,2.96
Reddish Brown Earth,Hambantota,Maha,chili,5.98,45.13,19.35,41.4,26.82,3.08
Regosol,Mullaitivu,Maha,tomato,6.31,35.53,20.14,26.89,12.25,2.19
Reddish Brown Earth,Polonnaruwa,Yala,onion,6.34,49.75,20.71,59.9,17.66,3.48
Regosol,Mullaitivu,Yala,watermelon,7.19,44.05,18.98,21.67,12.11,1.77
Reddish Brown Earth,Kurunegala,Maha,cowpea,5.84,67.33,19.37,38.77,20.27,2.26
Alluvial,Kalutara,Maha,paddy,7.25,61.91,24.75,55.58,29.51,3.56
Regosol,Mullaitivu,Maha,watermelon,6.05,37.19,12.18,31.13,12.0,1.42
Regosol,Jaffna,Yala,watermelon,6.71,48.88,18.32,18.12,16.54,1.7
Alluvial,Colombo,Yala,chili,6.32,60.2,23.06,56.66,35.83,3.88
Reddish Brown Earth,Monaragala,Yala,onion,5.73,58.83,34.02,52.01,11.97,3.5
Alluvial,Colombo,Yala,paddy,7.34,65.74,40.41,53.65,30.65,3.21
Reddish Brown Earth,Hambantota,Yala,chili,6.47,46.84,34.53,51.06,18.18,3.16
Reddish Brown Earth,Hambantota,Yala,groundnut,6.51,47.48,29.66,48.61,23.83,2.5
Alluvial,Batticaloa,Maha,banana,7.04,62.63,21.49,49.01,33.35,5.22
Reddish Brown Earth,Anuradhapura,Maha,cowpea,5.8,61.4,29.26,38.22,24.94,2.2
Red Yellow Podzolic,Kegalle,Yala,tea,4.6,39.37,12.63,27.26,33.29,3.87
Alluvial,Kalutara,Maha,vegetables,6.55,74.45,35.51,56.82,37.86,3.41
Reddish Brown Earth,Polonnaruwa,Maha,cowpea,5.53,54.5,24.1,43.6,19.38,1.93
Reddish Brown Earth,Anuradhapura,Maha,maize,6.0,47.94,32.15,47.46,24.4,3.11
Alluvial,Colombo,Maha,banana,6.44,66.94,26.7,64.83,32.85,4.09
Alluvial,Batticaloa,Yala,paddy,7.15,76.57,34.84,61.08,31.03,3.11
Alluvial,Batticaloa,Maha,chili,6.36,66.66,37.44,59.3,33.98,6.03
Alluvial,Batticaloa,Yala,banana,7.31,70.62,33.8,48.8,38.61,4.42
Reddish Brown Earth,Kurunegala,Yala,maize,6.15,50.32,29.16,40.61,14.04,3.49
Red Yellow Podzolic,Galle,Yala,tea,4.89,56.97,23.05,21.23,29.38,3.75
Reddish Brown Earth,Kurunegala,Maha,cowpea,5.91,61.79,23.1,42.9,25.23,2.3
Regosol,Puttalam,Maha,chili,7.73,46.64,11.25,35.05,11.79,2.31
Reddish Brown Earth,Polonnaruwa,Maha,chili,6.5,61.12,23.63,59.43,28.91,3.67
Regosol,Mannar,Maha,onion,7.34,41.11,22.84,25.95,16.44,2.14
Alluvial,Batticaloa,Maha,paddy,6.15,59.02,21.5,60.34,40.0,4.0
Alluvial,Kalutara,Yala,vegetables,6.59,75.99,34.63,63.66,37.23,4.16
Alluvial,Batticaloa,Maha,chili,7.04,72.89,35.78,58.36,25.44,5.43
Red Yellow Podzolic,Kandy,Yala,vegetables,5.1,56.87,23.16,30.72,35.16,3.95
Reddish Brown Earth,Anuradhapura,Yala,chili,5.95,47.7,30.11,46.09,23.92,2.44
Regosol,Jaffna,Yala,chili,6.15,28.91,16.89,33.87,18.3,1.59
Reddish Brown Earth,Hambantota,Maha,maize,5.58,46.85,20.94,52.83,29.3,3.77
Regosol,Kilinochchi,Yala,chili,5.85,28.07,17.43,37.02,15.61,1.2
Reddish Brown Earth,Polonnaruwa,Maha,maize,6.08,51.02,28.54,41.31,19.62,3.73
Red Yellow Podzolic,Matale,Maha,cocoa,4.63,36.08,21.18,25.8,35.27,2.64
Red Yellow Podzolic,Ratnapura,Yala,tea,4.76,37.96,12.09,38.01,24.21,5.05
Reddish Brown Earth,Kurunegala,Maha,groundnut,5.76,64.06,33.67,43.78,17.42,1.92
Reddish Brown Earth,Kurunegala,Maha,groundnut,6.01,60.49,34.03,43.2,22.57,3.13
Reddish Brown Earth,Monaragala,Yala,chili,6.2,62.98,26.58,55.76,18.63,3.59
Reddish Brown Earth,Polonnaruwa,Maha,onion,5.66,61.25,27.26,40.51,20.93,3.63
Regosol,Mullaitivu,Yala,groundnut,7.76,41.78,11.85,35.84,8.0,1.02
Alluvial,Colombo,Yala,paddy,6.51,84.4,33.0,63.53,30.85,5.16
Alluvial,Kalutara,Maha,paddy,7.21,73.55,37.85,69.47,39.9,3.97
Reddish Brown Earth,Kurunegala,Maha,chili,6.05,68.64,18.74,54.58,26.61,3.18
Alluvial,Colombo,Yala,paddy,7.3,63.99,34.36,58.07,23.68,5.13
Reddish Brown Earth,Hambantota,Yala,onion,6.1,55.94,28.17,57.24,21.52,2.88
Red Yellow Podzolic,Kandy,Yala,tea,5.44,49.59,27.11,21.78,34.29,4.29
Alluvial,Gampaha,Maha,vegetables,6.7,56.38,31.45,59.77,29.51,4.84
Alluvial,Gampaha,Maha,chili,6.51,75.71,23.96,56.43,35.34,5.33
Regosol,Jaffna,Yala,tomato,6.84,49.05,13.72,27.72,15.87,1.77
Red Yellow Podzolic,Matale,Yala,vegetables,4.95,50.85,16.77,42.17,35.75,5.1
Red Yellow Podzolic,Matara,Yala,pepper,4.96,37.4,18.29,35.0,30.26,2.66
Red Yellow Podzolic,Galle,Yala,vegetables,4.67,54.34,14.8,32.36,21.87,5.05
Regosol,Mannar,Yala,onion,6.24,25.49,13.94,36.43,9.84,0.8
Alluvial,Kalutara,Maha,big onion,7.09,73.14,37.34,61.2,31.46,5.54
Regosol,Mannar,Maha,tomato,7.04,44.1,18.75,29.58,10.3,1.01
Regosol,Puttalam,Maha,chili,6.35,27.45,23.71,22.44,20.89,2.23
Regosol,Kilinochchi,Yala,groundnut,6.93,35.58,20.59,34.22,13.64,1.42
Regosol,Mullaitivu,Yala,chili,6.46,26.33,21.14,35.46,16.03,2.35
Red Yellow Podzolic,Matara,Yala,vegetables,4.61,56.43,27.33,41.2,26.98,3.45
Red Yellow Podzolic,Kegalle,Maha,rubber,5.6,43.19,13.46,30.18,31.67,4.13
Alluvial,Kalutara,Yala,vegetables,7.1,63.26,38.29,67.43,31.1,3.01
Reddish Brown Earth,Hambantota,Maha,onion,6.66,51.75,31.74,48.45,21.03,2.59
Red Yellow Podzolic,Kegalle,Maha,pepper,5.36,35.12,16.38,40.29,28.64,5.06
Red Yellow Podzolic,Matale,Maha,pepper,4.67,59.79,20.47,40.97,39.41,5.65
Reddish Brown Earth,Hambantota,Yala,onion,6.15,63.04,27.92,39.26,18.92,2.9
Reddish Brown Earth,Kurunegala,Yala,chili,5.88,55.01,27.69,39.87,19.13,1.95
Regosol,Mullaitivu,Maha,onion,6.52,31.52,19.48,21.49,20.81,1.68
Regosol,Mullaitivu,Maha,onion,6.12,37.91,23.58,34.61,19.09,2.34
Reddish Brown Earth,Monaragala,Yala,onion,6.31,48.43,28.47,49.67,14.09,3.13
Red Yellow Podzolic,Galle,Maha,rubber,4.82,50.42,16.04,26.84,34.71,4.46
Reddish Brown Earth,Anuradhapura,Maha,groundnut,5.92,68.54,27.68,49.47,16.36,2.11
Red Yellow Podzolic,Matale,Yala,rubber,4.91,37.57,21.18,41.66,26.52,4.03
Alluvial,Trincomalee,Yala,chili,7.43,84.63,31.25,44.42,28.7,3.17
Alluvial,Gampaha,Maha,paddy,6.14,80.67,33.95,42.56,40.0,5.19
Reddish Brown Earth,Monaragala,Maha,chili,5.99,50.71,23.76,46.34,21.13,2.22
Regosol,Jaffna,Maha,onion,6.47,30.87,22.72,37.93,21.42,2.56
Reddish Brown Earth,Polonnaruwa,Yala,onion,6.23,57.45,28.66,42.24,22.1,2.71
Alluvial,Ampara,Yala,banana,6.23,81.92,34.45,42.63,27.18,5.68
Alluvial,Gampaha,Yala,chili,6.39,73.88,32.72,57.19,31.88,3.68
Alluvial,Gampaha,Yala,banana,6.32,77.03,27.59,59.27,34.7,3.15
Reddish Brown Earth,Polonnaruwa,Maha,chili,6.59,58.8,31.18,44.52,22.18,2.7
Reddish Brown Earth,Monaragala,Yala,maize,5.42,63.05,27.11,42.17,18.65,3.2
Red Yellow Podzolic,Kegalle,Yala,rubber,5.61,52.26,16.72,42.44,23.67,4.94
Reddish Brown Earth,Monaragala,Maha,chili,5.51,51.31,19.97,54.31,25.58,3.75
Alluvial,Ampara,Yala,vegetables,7.38,56.47,29.17,45.35,32.26,4.63
Regosol,Puttalam,Maha,chili,7.13,48.71,23.44,37.66,11.72,1.82
Red Yellow Podzolic,Kegalle,Yala,rubber,5.34,54.62,25.02,41.65,30.31,4.1
Regosol,Kilinochchi,Maha,chili,7.61,26.45,18.84,32.27,17.77,1.77
Alluvial,Gampaha,Maha,banana,6.73,64.5,32.28,59.34,31.06,5.49
Alluvial,Gampaha,Maha,chili,6.75,74.82,38.13,68.14,29.8,5.01
Alluvial,Trincomalee,Maha,big onion,6.39,60.53,32.37,41.04,29.72,4.02
Regosol,Kilinochchi,Yala,chili,6.25,27.89,11.23,19.78,14.95,2.3
Red Yellow Podzolic,Matara,Maha,tea,4.76,45.01,17.42,33.76,35.31,5.19
Red Yellow Podzolic,Galle,Maha,vegetables,5.29,51.23,14.79,39.51,31.24,4.78
Regosol,Mullaitivu,Maha,onion,7.7,48.08,19.06,30.53,19.97,2.53
Regosol,Mannar,Maha,tomato,7.45,39.08,19.28,22.25,22.87,0.87
Reddish Brown Earth,Monaragala,Maha,groundnut,5.78,45.04,24.0,49.27,16.87,3.16
Red Yellow Podzolic,Matara,Yala,cocoa,5.05,36.89,24.71,42.85,27.79,4.75
Reddish Brown Earth,Monaragala,Maha,groundnut,5.89,49.04,34.21,58.06,26.45,2.84
Reddish Brown Earth,Polonnaruwa,Yala,maize,6.53,59.35,25.98,46.01,13.92,1.9
Reddish Brown Earth,Hambantota,Yala,chili,5.77,62.41,30.42,54.58,21.0,2.77
Reddish Brown Earth,Anuradhapura,Maha,maize,6.63,52.61,26.37,37.43,26.85,2.3
Alluvial,Kalutara,Maha,big onion,7.24,68.55,35.9,43.4,38.75,5.66
Alluvial,Batticaloa,Yala,banana,7.29,59.81,29.65,49.52,34.6,4.73
Regosol,Mannar,Maha,watermelon,7.38,40.37,12.34,25.76,20.04,2.04
Alluvial,Colombo,Yala,banana,6.89,80.11,26.14,61.9,34.06,3.54
Red Yellow Podzolic,Matale,Maha,rubber,5.59,44.31,22.08,37.31,35.14,3.29
Alluvial,Ampara,Yala,vegetables,6.31,62.54,33.57,66.7,29.47,3.11
Regosol,Puttalam,Maha,groundnut,6.71,34.24,15.21,21.43,15.52,2.21
Regosol,Puttalam,Maha,groundnut,6.36,33.67,23.96,36.92,17.31,2.05
Alluvial,Trincomalee,Maha,paddy,6.18,74.58,37.53,62.12,30.71,4.67
Regosol,Mullaitivu,Yala,groundnut,7.73,29.29,23.68,31.16,8.0,0.81
Reddish Brown Earth,Polonnaruwa,Maha,maize,5.75,61.55,26.26,46.05,18.73,3.46
Regosol,Mannar,Maha,chili,7.51,43.18,14.19,34.3,20.2,1.19
Alluvial,Gampaha,Maha,vegetables,6.08,58.38,23.28,65.31,39.96,4.61
Red Yellow Podzolic,Matara,Maha,cocoa,5.34,46.06,15.48,44.7,28.77,2.99
Regosol,Puttalam,Maha,chili,6.38,38.11,16.37,25.37,11.33,1.46
Red Yellow Podzolic,Galle,Maha,pepper,5.22,52.21,21.89,32.27,36.83,4.17
Red Yellow Podzolic,Kegalle,Maha,rubber,5.43,43.76,24.59,40.25,26.79,3.87
Regosol,Mullaitivu,Maha,watermelon,7.2,26.09,22.4,21.16,19.87,1.5
Regosol,Mannar,Yala,watermelon,7.13,28.72,20.19,19.79,12.55,1.73
Reddish Brown Earth,Polonnaruwa,Maha,cowpea,6.51,56.05,29.57,52.92,22.05,3.62
Red Yellow Podzolic,Matale,Yala,cocoa,4.96,49.05,21.09,32.39,31.61,2.68
Regosol,Mullaitivu,Yala,groundnut,7.58,44.54,15.66,21.95,9.03,0.8
Alluvial,Colombo,Yala,big onion,6.56,63.54,27.73,69.33,35.83,3.06
Red Yellow Podzolic,Kegalle,Maha,pepper,5.22,58.71,14.68,47.23,32.87,2.75
Red Yellow Podzolic,Galle,Maha,rubber,5.62,55.16,21.82,27.13,32.79,4.17
Alluvial,Gampaha,Maha,chili,7.32,77.07,21.21,68.36,35.58,5.59
Red Yellow Podzolic,Galle,Maha,pepper,5.08,43.57,16.71,43.65,29.08,4.49
Regosol,Mullaitivu,Maha,chili,6.55,49.57,19.51,21.36,10.92,1.7
Reddish Brown Earth,Anuradhapura,Yala,groundnut,6.44,60.45,32.14,57.99,12.84,3.39
Red Yellow Podzolic,Galle,Yala,rubber,4.64,49.99,20.25,26.79,25.34,2.61
Red Yellow Podzolic,Kegalle,Maha,cocoa,4.76,46.93,15.72,44.61,30.07,5.2
Red Yellow Podzolic,Ratnapura,Yala,pepper,5.15,40.46,16.83,37.02,32.12,4.25
Red Yellow Podzolic,Matale,Maha,pepper,5.37,41.2,21.62,41.66,29.25,5.62
Alluvial,Kalutara,Yala,paddy,6.35,73.98,30.98,62.94,37.83,4.58
Reddish Brown Earth,Hambantota,Maha,chili,5.42,68.03,32.66,49.39,23.0,3.26
Alluvial,Gampaha,Yala,big onion,6.33,57.38,33.76,55.5,34.55,4.64
Red Yellow Podzolic,Ratnapura,Maha,tea,5.4,40.54,17.46,40.75,39.85,3.88
Alluvial,Trincomalee,Maha,vegetables,6.26,62.8,30.65,69.12,37.84,3.1
Alluvial,Colombo,Maha,banana,6.54,62.17,41.98,40.48,36.25,3.49
Reddish Brown Earth,Monaragala,Maha,cowpea,6.15,64.08,20.98,47.97,22.7,2.51
Regosol,Puttalam,Yala,onion,6.47,40.21,18.19,25.65,12.25,1.12
Reddish Brown Earth,Kurunegala,Yala,groundnut,6.64,51.98,23.07,58.54,22.58,3.24
Reddish Brown Earth,Monaragala,Maha,chili,5.52,67.76,31.88,57.12,27.24,2.76
Red Yellow Podzolic,Ratnapura,Yala,tea,4.99,46.86,14.45,37.38,31.03,3.68
Alluvial,Trincomalee,Yala,big onion,6.84,68.08,34.23,41.11,23.8,3.21
Alluvial,Colombo,Maha,paddy,7.22,88.46,30.3,53.67,39.1,5.01
Alluvial,Trincomalee,Yala,big onion,6.62,82.63,23.59,46.54,29.03,5.29
Regosol,Puttalam,Yala,chili,6.79,42.6,15.27,37.62,11.02,2.12
Regosol,Kilinochchi,Yala,chili,7.74,37.83,17.41,31.89,12.59,0.85
Regosol,Jaffna,Yala,groundnut,7.09,46.65,19.9,29.44,15.45,1.82
Regosol,Mannar,Yala,groundnut,5.87,37.32,19.86,30.12,8.0,2.31
Regosol,Puttalam,Yala,chili,6.21,26.35,22.85,37.77,16.62,1.91
Reddish Brown Earth,Monaragala,Yala,onion,5.45,45.97,30.13,55.1,17.51,1.91
Reddish Brown Earth,Kurunegala,Maha,maize,6.05,55.77,20.2,48.31,19.43,3.04
Reddish Brown Earth,Hambantota,Maha,maize,5.92,46.85,28.7,36.34,17.66,3.28
Red Yellow Podzolic,Kegalle,Maha,cocoa,5.45,50.85,23.83,29.73,27.37,2.65
Regosol,Mannar,Yala,onion,6.18,26.36,12.56,27.4,8.0,1.45
Reddish Brown Earth,Monaragala,Yala,maize,5.93,66.84,34.0,45.57,23.87,1.9
Red Yellow Podzolic,Matale,Yala,cocoa,4.74,45.28,12.74,29.84,26.58,4.61
Reddish Brown Earth,Kurunegala,Maha,onion,6.52,64.46,34.55,57.77,25.48,3.58
Red Yellow Podzolic,Kegalle,Yala,cocoa,5.66,35.16,26.11,32.45,26.11,4.04
Regosol,Jaffna,Maha,tomato,6.64,43.58,15.45,36.07,12.36,2.48
Reddish Brown Earth,Polonnaruwa,Yala,maize,5.63,58.43,26.99,53.2,16.03,1.81
Alluvial,Batticaloa,Maha,big onion,6.76,78.97,39.91,44.62,31.24,4.36
Reddish Brown Earth,Monaragala,Maha,cowpea,6.06,52.76,25.68,36.42,27.08,2.25
Alluvial,Gampaha,Maha,big onion,7.34,64.99,20.72,52.78,29.25,5.92
Regosol,Puttalam,Maha,tomato,6.64,36.44,16.15,25.08,16.92,1.44
Alluvial,Kalutara,Maha,banana,6.71,77.25,41.13,42.34,35.3,5.21
Alluvial,Kalutara,Maha,banana,7.18,69.55,22.55,66.85,36.91,4.65
Regosol,Kilinochchi,Yala,groundnut,7.4,48.35,11.77,31.27,12.89,0.91
Red Yellow Podzolic,Galle,Maha,pepper,4.7,36.98,26.73,47.31,28.67,3.75
Red Yellow Podzolic,Galle,Yala,tea,4.92,51.34,21.72,30.86,22.4,3.86
Alluvial,Batticaloa,Yala,paddy,6.84,87.32,22.6,49.53,40.0,4.98
Reddish Brown Earth,Polonnaruwa,Maha,cowpea,6.41,64.72,28.13,41.93,28.2,4.06
Red Yellow Podzolic,Matara,Maha,tea,4.5,38.43,12.18,32.41,31.86,4.56
Reddish Brown Earth,Polonnaruwa,Maha,maize,6.01,48.99,29.66,58.08,27.37,3.56
Regosol,Jaffna,Maha,watermelon,7.15,47.18,10.36,31.63,17.11,1.73
Alluvial,Colombo,Yala,paddy,6.87,88.18,21.76,61.91,32.23,5.38
Reddish Brown Earth,Anuradhapura,Maha,cowpea,5.72,48.49,19.74,53.52,21.81,3.01
Reddish Brown Earth,Hambantota,Maha,groundnut,5.79,65.7,19.37,59.79,22.88,1.86
Red Yellow Podzolic,Galle,Yala,vegetables,4.69,51.79,16.01,24.94,30.89,5.35
Red Yellow Podzolic,Matale,Yala,tea,4.84,43.71,25.07,30.98,36.89,5.21
Alluvial,Colombo,Yala,banana,7.14,69.43,24.36,51.86,29.89,4.48
Alluvial,Kalutara,Maha,paddy,7.39,89.03,38.73,54.24,40.0,3.4
Regosol,Puttalam,Maha,onion,7.5,35.98,15.82,33.38,12.46,2.2
Reddish Brown Earth,Anuradhapura,Yala,onion,6.55,55.16,28.55,38.86,21.28,3.35
Reddish Brown Earth,Monaragala,Yala,cowpea,5.45,61.17,22.86,56.55,13.48,3.11
Regosol,Mannar,Yala,watermelon,6.8,48.09,21.8,25.78,8.15,0.87
Red Yellow Podzolic,Matara,Yala,rubber,4.72,40.17,22.21,46.84,28.62,2.85
Regosol,Puttalam,Maha,groundnut,6.3,43.63,20.76,34.91,10.42,1.96
Alluvial,Batticaloa,Maha,vegetables,6.3,75.9,25.97,53.95,40.0,3.23
Red Yellow Podzolic,Matale,Yala,pepper,4.95,52.37,19.86,36.58,25.32,3.63
Regosol,Kilinochchi,Maha,tomato,6.43,31.43,11.61,19.99,11.78,1.06
Red Yellow Podzolic,Galle,Yala,pepper,5.17,45.95,23.15,31.52,27.39,4.93
Red Yellow Podzolic,Kandy,Yala,cocoa,5.27,48.75,13.52,25.89,34.4,2.86
Red Yellow Podzolic,Galle,Yala,vegetables,4.64,50.06,26.74,44.19,24.8,4.2
Reddish Brown Earth,Hambantota,Yala,maize,5.5,60.94,24.18,55.03,21.29,3.71
Alluvial,Gampaha,Maha,big onion,6.33,58.2,24.71,48.24,30.67,5.58
Regosol,Mannar,Yala,chili,7.17,45.67,21.19,21.97,10.79,1.09
Red Yellow Podzolic,Kegalle,Maha,tea,4.89,45.73,20.38,26.57,39.94,5.02
Reddish Brown Earth,Anuradhapura,Maha,groundnut,5.42,52.84,20.57,52.26,20.75,3.65
Regosol,Kilinochchi,Yala,chili,5.98,34.2,23.26,20.35,14.36,1.5
Reddish Brown Earth,Polonnaruwa,Maha,onion,5.73,63.89,31.05,52.02,16.74,1.99
Reddish Brown Earth,Monaragala,Yala,maize,6.5,65.56,19.79,59.02,19.76,3.46
Alluvial,Kalutara,Yala,big onion,7.33,62.14,22.69,64.2,26.63,4.55
Red Yellow Podzolic,Kegalle,Yala,cocoa,5.63,52.12,27.56,27.66,26.22,4.73
Regosol,Mullaitivu,Yala,watermelon,6.75,39.53,18.93,33.81,12.61,1.08
Alluvial,Trincomalee,Yala,chili,6.47,67.43,25.53,55.46,31.9,4.44
Alluvial,Batticaloa,Maha,chili,6.43,84.2,38.47,60.79,35.71,3.27
Red Yellow Podzolic,Kandy,Yala,pepper,4.76,56.52,21.09,32.45,31.24,4.79
Regosol,Mannar,Yala,chili,6.64,35.21,12.04,23.8,8.91,1.79
Red Yellow Podzolic,Kandy,Yala,rubber,5.44,38.32,14.34,29.48,26.16,5.03
Regosol,Mullaitivu,Yala,onion,5.9,41.27,11.75,23.96,12.96,1.33
Red Yellow Podzolic,Kandy,Maha,vegetables,5.8,39.5,24.28,20.67,35.84,5.61
Alluvial,Kalutara,Yala,banana,6.74,73.1,31.25,41.68,32.11,3.99
Reddish Brown Earth,Polonnaruwa,Maha,onion,6.54,47.05,25.59,52.59,15.22,3.01
Reddish Brown Earth,Kurunegala,Maha,chili,6.12,55.69,18.16,36.88,27.0,3.9
Alluvial,Trincomalee,Yala,banana,7.11,84.65,36.67,41.98,36.53,5.76
Alluvial,Ampara,Yala,chili,6.97,78.77,31.72,52.02,27.85,4.66
Regosol,Mullaitivu,Yala,chili,6.95,42.38,17.32,37.72,11.25,1.66
Red Yellow Podzolic,Kandy,Yala,vegetables,5.52,58.87,18.35,39.34,22.02,3.32
Alluvial,Gampaha,Maha,vegetables,6.82,69.25,25.42,48.33,38.37,3.36
Regosol,Jaffna,Yala,onion,7.6,41.82,15.78,35.91,13.39,1.89
Regosol,Mannar,Maha,groundnut,6.78,35.81,21.29,24.2,17.81,1.2
Alluvial,Colombo,Yala,banana,6.47,66.67,36.81,57.07,29.26,4.46
Regosol,Jaffna,Maha,chili,6.01,33.08,10.21,31.08,9.82,1.37
Regosol,Mullaitivu,Maha,chili,6.19,29.4,13.67,20.02,20.62,1.33
Regosol,Kilinochchi,Yala,tomato,6.02,40.91,11.12,19.71,8.85,0.9
Regosol,Kilinochchi,Yala,chili,6.68,25.15,22.18,19.4,9.46,1.81
Regosol,Mullaitivu,Yala,chili,7.46,32.6,15.92,28.11,15.71,2.15
Red Yellow Podzolic,Kandy,Maha,vegetables,5.54,40.36,15.54,25.63,29.22,4.75
Regosol,Puttalam,Yala,watermelon,7.68,47.49,10.73,22.79,12.58,0.99
Alluvial,Batticaloa,Maha,big onion,7.41,66.02,20.28,60.22,36.45,4.23
Regosol,Mullaitivu,Yala,onion,6.9,31.52,19.1,21.27,9.94,2.28
Red Yellow Podzolic,Matara,Yala,tea,5.2,44.69,17.94,29.54,25.22,3.08
Reddish Brown Earth,Kurunegala,Yala,onion,5.99,51.2,19.09,35.53,18.68,2.97
Red Yellow Podzolic,Kegalle,Yala,tea,5.17,47.64,22.2,29.86,30.5,2.98
Regosol,Puttalam,Maha,watermelon,6.17,48.71,15.09,24.09,10.77,0.97
Red Yellow Podzolic,Kandy,Yala,tea,5.61,45.56,14.11,21.77,28.58,5.15
Regosol,Mannar,Yala,onion,7.0,49.54,19.75,31.56,17.22,1.73
Regosol,Mannar,Yala,chili,6.85,32.39,10.67,19.53,8.0,0.97
Alluvial,Batticaloa,Yala,vegetables,7.18,59.44,27.4,54.28,34.35,4.44
Red Yellow Podzolic,Kandy,Maha,cocoa,5.15,49.73,20.07,46.86,26.48,4.86
Red Yellow Podzolic,Matara,Yala,tea,4.58,55.72,26.06,38.53,29.36,5.16
Reddish Brown Earth,Monaragala,Yala,maize,6.35,46.97,28.24,55.56,19.81,2.44
Red Yellow Podzolic,Matale,Maha,rubber,5.17,50.37,12.62,42.41,33.31,2.9
Regosol,Puttalam,Maha,watermelon,7.19,49.55,18.4,24.62,16.96,2.4
Red Yellow Podzolic,Kegalle,Yala,cocoa,5.47,49.91,17.41,44.28,35.72,3.53
Red Yellow Podzolic,Matale,Yala,vegetables,5.46,37.96,15.69,40.28,32.62,3.94
Regosol,Mullaitivu,Maha,tomato,7.25,31.43,16.49,27.07,13.86,1.82
Alluvial,Ampara,Maha,chili,6.79,78.44,36.88,45.87,26.19,5.69
Red Yellow Podzolic,Kandy,Yala,cocoa,5.07,37.12,26.42,44.77,36.78,4.22
Regosol,Mannar,Yala,chili,5.99,38.79,17.3,33.14,8.0,0.84
Regosol,Kilinochchi,Maha,groundnut,7.25,34.76,15.84,36.82,17.53,1.68
Reddish Brown Earth,Polonnaruwa,Maha,chili,6.27,59.1,21.71,52.49,25.74,2.4
Reddish Brown Earth,Kurunegala,Maha,chili,6.54,58.86,19.74,56.15,27.09,2.47
Alluvial,Trincomalee,Yala,chili,7.21,67.39,38.78,45.47,25.5,4.71
Alluvial,Trincomalee,Yala,vegetables,6.41,75.94,27.98,56.03,27.48,3.23
Reddish Brown Earth,Kurunegala,Yala,chili,6.61,66.74,34.67,40.97,17.26,3.51
Alluvial,Colombo,Yala,paddy,7.1,84.43,23.07,56.53,28.55,4.0
Reddish Brown Earth,Anuradhapura,Maha,onion,5.68,51.63,33.87,57.02,24.74,2.71
Red Yellow Podzolic,Matara,Maha,cocoa,5.69,51.18,21.62,23.14,29.4,5.26
Red Yellow Podzolic,Matara,Maha,tea,4.7,36.75,15.1,32.15,31.33,4.97
Alluvial,Kalutara,Maha,vegetables,6.71,58.66,38.91,49.88,31.11,3.45
Regosol,Mannar,Maha,chili,5.96,49.55,13.63,31.47,15.28,0.83
Reddish Brown Earth,Monaragala,Yala,onion,5.6,46.55,19.76,57.48,16.05,3.18
Alluvial,Kalutara,Maha,big onion,6.7,59.16,35.47,45.55,40.0,4.68
Regosol,Jaffna,Maha,onion,7.64,36.05,14.22,30.52,10.35,1.96
Reddish Brown Earth,Anuradhapura,Maha,groundnut,5.42,64.75,22.04,43.09,17.5,1.98
Red Yellow Podzolic,Galle,Maha,tea,5.03,38.92,25.58,41.3,38.45,3.02
Alluvial,Kalutara,Maha,chili,6.35,57.16,36.18,54.67,24.9,5.6
Alluvial,Batticaloa,Yala,paddy,7.38,73.53,30.99,44.36,33.48,3.76
Alluvial,Kalutara,Maha,chili,6.86,57.97,32.72,40.42,27.73,3.69
Alluvial,Trincomalee,Maha,paddy,6.11,75.34,25.51,53.38,40.0,3.58
Alluvial,Batticaloa,Yala,chili,6.24,78.84,40.96,67.17,31.4,4.46
Alluvial,Kalutara,Maha,banana,6.38,64.01,32.55,57.07,27.82,3.2
Regosol,Kilinochchi,Yala,chili,7.7,26.59,15.41,27.5,10.2,2.34
Reddish Brown Earth,Anuradhapura,Yala,cowpea,6.28,69.5,27.92,54.92,22.05,3.18
Alluvial,Kalutara,Yala,paddy,6.28,84.02,21.92,51.72,26.89,5.67
Alluvial,Kalutara,Yala,banana,6.92,69.89,36.04,54.93,35.52,5.45
Red Yellow Podzolic,Matale,Yala,cocoa,4.64,50.35,15.16,38.07,28.47,4.61
Red Yellow Podzolic,Matale,Maha,cocoa,4.62,40.61,27.76,28.66,25.78,4.26
Regosol,Mullaitivu,Maha,groundnut,6.27,35.71,13.41,19.59,10.03,1.68
Alluvial,Colombo,Maha,vegetables,7.04,81.89,33.87,50.78,26.35,4.75
Regosol,Mullaitivu,Maha,watermelon,6.32,33.51,14.97,18.93,18.99,1.34
Alluvial,Kalutara,Maha,banana,6.81,71.48,25.96,68.3,38.05,4.63
Red Yellow Podzolic,Matale,Yala,pepper,5.21,56.14,25.45,43.69,25.71,2.79
Red Yellow Podzolic,Galle,Yala,rubber,5.04,40.58,24.35,40.52,26.55,3.89
Reddish Brown Earth,Kurunegala,Maha,groundnut,5.53,51.4,20.95,38.82,25.4,2.06
Reddish Brown Earth,Anuradhapura,Maha,chili,6.55,49.39,33.63,59.93,22.02,3.13
Alluvial,Batticaloa,Maha,banana,7.47,67.74,36.79,43.35,24.49,4.32
Regosol,Kilinochchi,Yala,onion,6.05,25.35,11.57,18.32,17.4,2.04
Red Yellow Podzolic,Kandy,Maha,vegetables,4.82,43.15,19.32,26.56,38.69,4.29
Reddish Brown Earth,Anuradhapura,Maha,chili,6.07,67.84,20.0,54.37,25.0,2.47
Regosol,Kilinochchi,Maha,groundnut,7.06,41.91,19.76,30.91,12.64,1.43
Alluvial,Colombo,Yala,chili,7.28,70.2,28.61,54.84,38.25,4.65
Alluvial,Colombo,Maha,chili,6.96,56.12,37.78,51.45,37.98,5.88
Reddish Brown Earth,Hambantota,Maha,cowpea,5.69,52.97,19.68,52.87,19.3,2.41
Alluvial,Ampara,Yala,banana,6.56,79.88,26.66,55.75,24.48,3.92
Red Yellow Podzolic,Matale,Maha,vegetables,4.74,36.02,16.47,26.61,27.46,5.2
Regosol,Mannar,Yala,watermelon,7.17,46.76,23.6,21.31,14.11,1.36
Red Yellow Podzolic,Ratnapura,Yala,cocoa,4.74,43.96,24.33,34.72,29.73,5.06
Red Yellow Podzolic,Matara,Yala,vegetables,4.86,39.6,13.09,32.63,29.05,4.11
Red Yellow Podzolic,Matara,Maha,cocoa,5.8,41.49,18.7,32.89,26.95,4.69
Alluvial,Colombo,Maha,paddy,6.05,76.31,28.55,54.7,38.33,4.65
Red Yellow Podzolic,Galle,Maha,rubber,5.5,51.69,13.37,32.11,34.08,5.6
Reddish Brown Earth,Kurunegala,Maha,cowpea,5.66,68.91,22.67,50.63,23.98,2.2
Regosol,Puttalam,Yala,onion,7.72,35.6,17.12,32.62,9.73,1.48
Reddish Brown Earth,Hambantota,Maha,groundnut,5.67,47.52,18.57,49.94,24.62,2.0
Alluvial,Batticaloa,Maha,chili,6.26,56.9,26.03,62.73,26.58,4.0
Red Yellow Podzolic,Galle,Yala,pepper,5.76,41.91,21.7,27.08,35.95,4.22
Alluvial,Colombo,Yala,chili,6.36,71.37,28.25,56.51,33.99,3.88
Reddish Brown Earth,Monaragala,Maha,cowpea,5.69,46.72,34.27,36.01,17.42,2.51
Alluvial,Ampara,Maha,banana,6.45,84.65,31.56,50.06,40.0,4.57
Regosol,Kilinochchi,Yala,onion,6.69,44.25,20.05,28.35,8.0,1.25
Alluvial,Kalutara,Maha,vegetables,7.08,74.75,31.86,51.62,33.84,4.5
Red Yellow Podzolic,Galle,Maha,vegetables,4.81,55.38,13.66,36.44,35.63,3.62
Red Yellow Podzolic,Galle,Yala,cocoa,5.51,38.5,27.82,40.41,30.31,5.42
Reddish Brown Earth,Anuradhapura,Maha,groundnut,5.97,57.11,21.47,50.17,18.81,3.51
Reddish Brown Earth,Monaragala,Yala,chili,5.97,61.89,26.69,54.84,23.73,3.27
Alluvial,Gampaha,Maha,chili,6.16,68.71,39.31,66.33,29.78,4.42
Alluvial,Colombo,Yala,big onion,7.33,67.83,37.08,58.24,35.53,4.96
Reddish Brown Earth,Hambantota,Maha,onion,5.78,60.72,33.05,44.04,17.18,2.04
Red Yellow Podzolic,Ratnapura,Yala,pepper,5.59,55.41,25.51,30.39,32.85,4.3
Red Yellow Podzolic,Matale,Yala,pepper,4.93,36.95,17.96,36.49,34.58,3.04
Red Yellow Podzolic,Galle,Maha,pepper,5.39,40.56,15.57,44.18,31.91,5.36
Red Yellow Podzolic,Ratnapura,Maha,cocoa,5.64,54.34,16.97,25.38,32.23,3.88
Alluvial,Gampaha,Maha,vegetables,6.8,83.83,21.77,53.79,37.39,4.75
Regosol,Mullaitivu,Yala,chili,7.59,48.88,16.75,28.81,8.62,1.07
Alluvial,Kalutara,Yala,chili,6.94,79.6,24.57,45.55,22.13,3.85
Alluvial,Ampara,Yala,big onion,7.04,78.77,30.47,43.81,23.17,3.61
Red Yellow Podzolic,Kegalle,Yala,pepper,5.12,55.59,22.42,37.3,26.36,4.31
Reddish Brown Earth,Monaragala,Maha,chili,6.54,46.09,24.58,44.33,24.32,2.59
Red Yellow Podzolic,Kandy,Maha,vegetables,4.95,58.68,24.85,43.92,38.73,5.18
Regosol,Puttalam,Yala,watermelon,6.98,31.48,19.61,32.26,13.57,0.85
Reddish Brown Earth,Polonnaruwa,Yala,cowpea,5.65,47.82,20.76,46.47,15.16,2.17
Regosol,Puttalam,Maha,groundnut,6.53,48.57,19.96,22.94,19.16,1.26
Regosol,Puttalam,Maha,groundnut,6.73,35.18,16.78,26.15,11.28,2.51
Red Yellow Podzolic,Galle,Yala,rubber,5.76,55.62,19.92,31.63,27.13,4.14
Alluvial,Gampaha,Yala,banana,6.92,65.9,29.59,54.91,35.14,5.16
Reddish Brown Earth,Anuradhapura,Maha,chili,5.95,53.52,24.29,53.04,24.71,2.96
Red Yellow Podzolic,Kegalle,Maha,vegetables,5.72,46.91,17.66,42.36,30.47,5.66
Regosol,Mannar,Yala,onion,6.8,41.47,14.97,22.51,9.8,1.94
Regosol,Kilinochchi,Maha,tomato,6.95,32.76,12.84,32.34,16.89,1.28
Alluvial,Batticaloa,Yala,banana,6.05,72.06,26.17,43.33,28.41,4.05
Alluvial,Kalutara,Yala,banana,7.06,55.86,37.92,46.67,36.41,3.23
Red Yellow Podzolic,Ratnapura,Maha,tea,4.76,54.64,23.4,36.02,30.57,4.03
Reddish Brown Earth,Monaragala,Maha,chili,5.57,52.71,33.28,54.9,25.99,3.69
Reddish Brown Earth,Hambantota,Yala,onion,6.39,62.27,28.98,47.27,21.18,1.93
Reddish Brown Earth,Hambantota,Maha,cowpea,6.09,60.16,34.39,58.22,25.83,3.32
Reddish Brown Earth,Hambantota,Yala,cowpea,6.39,54.48,30.78,55.8,16.4,1.96
Alluvial,Gampaha,Maha,big onion,7.38,63.29,29.39,67.1,37.42,3.8
Red Yellow Podzolic,Matale,Maha,pepper,5.0,42.34,27.2,36.8,33.5,4.41
Alluvial,Batticaloa,Maha,vegetables,6.04,59.37,36.42,48.32,35.52,4.13
Alluvial,Colombo,Maha,chili,6.75,76.93,35.67,48.08,39.95,4.54
Regosol,Mullaitivu,Maha,watermelon,7.35,49.78,19.39,19.79,14.63,2.33
Reddish Brown Earth,Anuradhapura,Yala,maize,5.78,46.1,21.39,36.05,22.82,2.83
Reddish Brown Earth,Hambantota,Maha,groundnut,5.49,48.78,21.72,46.4,16.69,3.4
Regosol,Jaffna,Maha,watermelon,7.14,33.82,21.38,34.55,14.88,1.23
Reddish Brown Earth,Polonnaruwa,Yala,cowpea,6.64,45.38,33.93,59.05,13.95,3.8
Alluvial,Batticaloa,Maha,paddy,6.13,76.47,28.27,62.92,37.73,5.25
Regosol,Kilinochchi,Maha,chili,7.63,25.1,22.06,32.61,14.6,1.59
Red Yellow Podzolic,Matale,Maha,cocoa,4.95,36.36,26.37,46.45,33.23,3.05
Reddish Brown Earth,Monaragala,Maha,maize,6.6,66.22,20.83,47.14,17.89,2.73
Regosol,Jaffna,Yala,onion,7.54,35.44,18.02,29.32,15.96,1.93
Reddish Brown Earth,Hambantota,Yala,cowpea,5.69,64.48,19.3,50.83,18.37,2.19
Regosol,Mullaitivu,Maha,groundnut,6.4,41.67,21.41,29.46,11.43,1.4
Red Yellow Podzolic,Kegalle,Yala,vegetables,5.59,36.04,23.5,33.66,35.77,2.81
Reddish Brown Earth,Polonnaruwa,Maha,cowpea,6.5,47.53,31.1,55.88,26.54,2.15
Reddish Brown Earth,Monaragala,Yala,maize,6.54,56.01,26.94,46.42,20.89,2.62
Red Yellow Podzolic,Matara,Yala,cocoa,5.57,48.07,12.4,25.11,31.43,3.1
Red Yellow Podzolic,Galle,Maha,rubber,4.98,40.96,13.87,31.6,28.49,3.87
Regosol,Puttalam,Yala,chili,7.01,35.0,18.58,19.63,10.85,2.29
Reddish Brown Earth,Anuradhapura,Yala,cowpea,5.99,65.85,20.77,43.88,20.21,3.2
Reddish Brown Earth,Kurunegala,Yala,onion,5.69,68.93,26.13,46.37,22.34,2.4
Regosol,Mannar,Yala,watermelon,7.58,39.28,23.1,25.48,12.89,0.94
Alluvial,Kalutara,Yala,vegetables,6.1,79.04,30.46,46.29,35.18,4.75
Red Yellow Podzolic,Matara,Yala,rubber,4.71,56.18,24.94,25.36,34.93,2.65
Red Yellow Podzolic,Matara,Maha,cocoa,5.41,38.48,16.85,29.11,28.19,3.93
Reddish Brown Earth,Anuradhapura,Maha,cowpea,5.54,45.64,23.3,51.93,28.27,2.62
Alluvial,Ampara,Yala,big onion,6.3,74.86,30.79,47.85,26.61,5.38
Reddish Brown Earth,Kurunegala,Yala,maize,6.46,63.78,29.44,40.62,15.35,1.85
Red Yellow Podzolic,Ratnapura,Yala,rubber,5.1,53.8,17.84,33.07,27.95,4.21
Red Yellow Podzolic,Matale,Yala,tea,4.73,39.9,13.93,41.3,26.08,5.4
Regosol,Kilinochchi,Yala,groundnut,6.83,26.09,20.1,18.94,16.96,1.58
Regosol,Jaffna,Maha,groundnut,7.67,46.39,22.33,32.58,11.22,2.38
Reddish Brown Earth,Hambantota,Maha,chili,5.94,60.74,21.31,52.41,22.57,2.29
Red Yellow Podzolic,Galle,Yala,tea,4.5,43.59,17.02,36.33,32.64,4.75
Reddish Brown Earth,Polonnaruwa,Yala,maize,5.54,55.86,30.39,42.84,19.98,2.82
Regosol,Kilinochchi,Yala,groundnut,6.97,40.91,23.95,31.78,17.48,1.87
Regosol,Jaffna,Yala,chili,6.66,48.55,15.85,26.77,17.39,0.85
Regosol,Mullaitivu,Maha,chili,7.53,45.04,13.96,33.96,19.46,1.71
Alluvial,Gampaha,Yala,chili,7.31,76.09,36.57,62.83,26.26,5.49
Regosol,Mullaitivu,Yala,chili,7.44,44.84,10.28,25.63,15.99,2.01
Reddish Brown Earth,Polonnaruwa,Maha,onion,6.36,46.52,23.33,36.25,21.03,3.49
Alluvial,Colombo,Maha,chili,6.34,58.39,41.66,43.71,26.87,3.46
Alluvial,Trincomalee,Yala,chili,6.55,55.02,34.04,51.37,23.2,2.86
Regosol,Mullaitivu,Yala,groundnut,7.62,25.2,13.92,28.56,17.04,1.81
Red Yellow Podzolic,Matara,Yala,rubber,4.78,54.14,26.39,43.18,33.44,4.3
Red Yellow Podzolic,Kandy,Maha,tea,4.83,49.77,24.84,36.96,28.53,4.1
Reddish Brown Earth,Monaragala,Maha,groundnut,6.26,63.02,28.29,56.06,20.76,3.35
Reddish Brown Earth,Anuradhapura,Yala,chili,5.75,50.27,34.03,56.91,16.47,3.11
Red Yellow Podzolic,Galle,Yala,vegetables,5.04,41.89,22.89,38.87,28.32,4.85
Alluvial,Kalutara,Yala,paddy,6.43,82.51,28.4,49.47,34.09,5.67
Reddish Brown Earth,Hambantota,Yala,onion,5.61,56.04,23.87,49.69,19.05,2.61
Red Yellow Podzolic,Kandy,Yala,rubber,5.74,54.49,13.2,42.02,35.25,4.43
Reddish Brown Earth,Anuradhapura,Yala,cowpea,6.23,54.99,34.68,48.41,22.92,2.03
Regosol,Jaffna,Maha,onion,6.78,41.72,17.14,18.46,15.19,1.94
Alluvial,Trincomalee,Yala,chili,6.98,78.09,23.72,50.49,35.07,5.21
Reddish Brown Earth,Polonnaruwa,Maha,chili,5.89,67.28,25.63,57.93,21.85,2.27
Alluvial,Kalutara,Maha,chili,7.32,62.14,32.95,54.27,31.9,3.13
Red Yellow Podzolic,Kegalle,Yala,pepper,5.79,49.44,24.39,31.64,25.12,5.09
Red Yellow Podzolic,Kegalle,Maha,tea,4.57,54.6,19.35,23.11,37.21,4.57
Regosol,Mannar,Maha,chili,6.81,45.88,22.02,26.44,13.54,1.39
Reddish Brown Earth,Hambantota,Maha,cowpea,5.58,63.62,27.16,53.68,21.14,3.32
Reddish Brown Earth,Hambantota,Yala,chili,5.53,64.27,18.09,48.76,22.87,2.61
Red Yellow Podzolic,Matara,Yala,vegetables,5.26,50.08,24.42,44.11,26.29,3.03
Red Yellow Podzolic,Ratnapura,Yala,vegetables,5.35,49.85,12.77,22.7,34.9,2.64
Red Yellow Podzolic,Ratnapura,Maha,tea,4.54,56.97,20.77,20.66,30.94,5.28
Regosol,Kilinochchi,Maha,chili,7.25,30.25,13.27,29.74,17.62,1.67
Reddish Brown Earth,Monaragala,Yala,onion,6.28,47.97,34.58,44.85,19.82,2.44
Alluvial,Kalutara,Maha,big onion,7.12,65.81,20.79,63.06,30.81,5.76
Regosol,Kilinochchi,Maha,onion,6.43,38.26,11.99,20.34,10.23,1.1
Regosol,Kilinochchi,Yala,chili,5.81,40.95,23.19,24.44,13.26,2.2
Regosol,Mullaitivu,Yala,onion,6.84,39.62,19.99,33.8,8.0,1.96
Reddish Brown Earth,Kurunegala,Maha,maize,5.79,60.07,33.78,43.38,21.8,3.39
Reddish Brown Earth,Kurunegala,Yala,chili,6.37,67.37,24.57,59.34,17.69,2.8
Red Yellow Podzolic,Galle,Maha,pepper,5.54,42.53,13.38,41.73,32.78,3.86
Reddish Brown Earth,Polonnaruwa,Yala,chili,6.13,58.97,29.44,42.7,13.65,2.31
Red Yellow Podzolic,Kandy,Maha,rubber,5.79,43.57,27.8,43.56,40.0,2.99
Regosol,Jaffna,Yala,tomato,6.67,28.71,20.12,22.9,8.29,1.43
Alluvial,Gampaha,Yala,chili,6.53,64.97,24.36,62.75,34.31,3.04
Regosol,Jaffna,Yala,tomato,7.43,29.64,10.83,21.65,14.89,1.21
Reddish Brown Earth,Hambantota,Maha,cowpea,6.21,61.58,20.12,57.5,22.01,3.37
Regosol,Mannar,Yala,watermelon,7.15,27.52,10.85,33.04,8.0,1.63
Red Yellow Podzolic,Ratnapura,Yala,pepper,5.3,56.72,25.55,25.88,35.75,4.4
Reddish Brown Earth,Anuradhapura,Maha,cowpea,5.7,49.49,18.24,48.35,19.71,3.99
Red Yellow Podzolic,Galle,Maha,pepper,5.44,42.38,12.63,35.42,28.84,5.3
Alluvial,Kalutara,Maha,vegetables,7.48,84.02,33.1,64.65,39.19,5.19
Regosol,Kilinochchi,Yala,groundnut,6.94,27.49,10.89,36.18,15.15,0.99
Alluvial,Colombo,Maha,chili,6.91,60.62,22.57,63.47,30.31,5.47
Alluvial,Gampaha,Yala,paddy,6.8,68.3,29.73,40.24,39.79,5.58
Reddish Brown Earth,Polonnaruwa,Yala,maize,6.38,66.53,20.6,39.0,20.88,2.99
Regosol,Kilinochchi,Yala,tomato,6.04,34.22,20.58,28.09,16.45,1.46
Regosol,Mullaitivu,Maha,tomato,6.7,29.21,23.02,33.27,20.86,1.13
Regosol,Mullaitivu,Yala,onion,7.0,35.22,11.69,29.44,8.0,0.99
Regosol,Puttalam,Maha,chili,6.01,38.82,10.45,31.78,15.21,1.44
Red Yellow Podzolic,Ratnapura,Yala,cocoa,5.66,36.0,22.38,25.81,36.47,4.4
Regosol,Kilinochchi,Yala,chili,6.97,37.76,10.64,32.78,13.45,1.28
Reddish Brown Earth,Monaragala,Maha,groundnut,5.95,68.51,29.51,57.57,23.07,2.31
Red Yellow Podzolic,Matara,Maha,cocoa,5.3,43.14,21.8,28.59,33.92,3.42
Reddish Brown Earth,Monaragala,Yala,chili,5.41,53.79,30.81,56.34,23.49,2.64
Regosol,Jaffna,Yala,chili,7.16,26.58,23.42,19.93,16.12,1.86
Reddish Brown Earth,Polonnaruwa,Maha,cowpea,6.51,60.01,20.06,59.6,25.53,2.62
Reddish Brown Earth,Anuradhapura,Yala,groundnut,5.79,46.19,25.14,54.85,16.06,2.02
Red Yellow Podzolic,Galle,Yala,vegetables,4.74,43.8,19.33,24.31,31.18,4.9
Red Yellow Podzolic,Matara,Yala,vegetables,5.37,48.34,26.54,32.04,26.03,2.77
Regosol,Mannar,Maha,chili,6.87,42.36,14.45,26.59,18.51,2.48
Reddish Brown Earth,Kurunegala,Maha,chili,6.69,63.48,23.09,43.41,26.7,2.96
Regosol,Puttalam,Yala,tomato,7.74,41.46,15.36,24.16,11.03,2.2
Regosol,Puttalam,Yala,chili,7.1,30.25,15.38,35.74,8.75,1.99
Reddish Brown Earth,Kurunegala,Yala,onion,6.27,46.14,24.72,49.98,12.6,2.35
Red Yellow Podzolic,Matara,Maha,rubber,5.56,45.31,17.65,36.64,35.64,3.43
Alluvial,Kalutara,Maha,vegetables,6.4,63.92,32.62,64.14,36.02,5.87
Alluvial,Trincomalee,Yala,vegetables,7.49,72.48,33.45,55.31,36.55,5.36
Red Yellow Podzolic,Matara,Maha,rubber,5.29,59.57,18.21,46.59,39.6,3.13
Regosol,Mullaitivu,Maha,chili,7.21,48.14,11.05,28.93,15.49,2.03
Reddish Brown Earth,Hambantota,Yala,cowpea,6.38,66.0,22.71,54.44,18.43,2.28
Red Yellow Podzolic,Ratnapura,Maha,rubber,5.25,50.9,23.1,22.16,30.72,5.04
Red Yellow Podzolic,Kegalle,Maha,pepper,5.74,49.09,21.01,27.18,40.0,5.25
Alluvial,Ampara,Maha,banana,6.58,84.25,25.44,69.84,27.0,5.24
Red Yellow Podzolic,Kandy,Maha,pepper,5.64,57.0,26.05,28.81,35.41,4.28
Alluvial,Kalutara,Maha,vegetables,6.75,61.62,21.11,61.95,31.58,4.32
Red Yellow Podzolic,Ratnapura,Maha,rubber,5.48,56.82,15.31,28.83,29.04,4.4
Regosol,Kilinochchi,Yala,onion,6.77,37.15,18.27,30.23,13.29,2.0
Red Yellow Podzolic,Ratnapura,Maha,tea,4.5,40.55,23.95,33.95,35.65,3.73
Reddish Brown Earth,Hambantota,Yala,chili,5.7,50.98,34.42,54.61,23.03,2.19
Alluvial,Gampaha,Maha,chili,7.5,68.29,27.75,49.45,40.0,4.04
Red Yellow Podzolic,Matale,Maha,pepper,5.54,43.83,18.32,36.5,32.6,4.74
Regosol,Jaffna,Yala,onion,6.39,37.54,17.65,19.56,9.67,1.05
Regosol,Kilinochchi,Yala,onion,6.99,40.66,14.68,23.01,8.0,1.11
Alluvial,Gampaha,Maha,vegetables,6.24,56.76,27.03,66.35,26.24,3.44
Alluvial,Trincomalee,Maha,banana,6.02,74.45,23.17,66.55,35.34,5.77
Regosol,Jaffna,Yala,watermelon,7.73,43.89,23.65,33.63,13.4,2.07
Reddish Brown Earth,Monaragala,Yala,maize,5.56,50.9,28.97,44.05,24.51,1.86
Red Yellow Podzolic,Matara,Yala,vegetables,5.34,46.45,14.17,20.17,28.26,5.02
Regosol,Jaffna,Maha,chili,5.87,28.54,21.99,22.3,12.11,1.78
Reddish Brown Earth,Monaragala,Yala,cowpea,5.46,46.86,33.73,57.48,18.49,1.87
Reddish Brown Earth,Hambantota,Yala,cowpea,5.98,46.92,20.34,44.17,15.44,2.36
Regosol,Kilinochchi,Maha,chili,6.08,39.74,10.68,35.89,21.67,1.31
Reddish Brown Earth,Polonnaruwa,Yala,groundnut,5.61,65.78,31.11,55.23,13.34,2.63
Alluvial,Kalutara,Yala,vegetables,6.28,66.62,30.42,44.91,23.73,4.03
Regosol,Kilinochchi,Maha,chili,7.66,38.18,19.06,19.68,16.58,1.04
Red Yellow Podzolic,Ratnapura,Yala,cocoa,4.93,44.64,25.61,43.09,32.28,4.89
Alluvial,Trincomalee,Yala,paddy,6.2,73.79,34.86,43.18,25.54,4.08
Red Yellow Podzolic,Matale,Maha,rubber,5.71,49.92,24.38,36.85,38.74,3.59
Regosol,Kilinochchi,Maha,tomato,7.63,34.0,23.65,21.98,13.19,1.21
Red Yellow Podzolic,Kandy,Maha,tea,4.5,49.32,18.31,33.69,28.02,3.85
Reddish Brown Earth,Anuradhapura,Yala,groundnut,6.3,67.59,18.78,54.9,15.56,2.44
Regosol,Jaffna,Yala,chili,7.51,48.85,18.08,18.03,8.0,1.66
Reddish Brown Earth,Polonnaruwa,Maha,maize,5.95,62.51,27.2,36.51,26.97,3.87
Alluvial,Trincomalee,Maha,banana,6.43,70.97,37.0,60.13,28.36,3.61
Regosol,Jaffna,Yala,tomato,7.43,33.89,18.2,33.37,8.0,1.98
Regosol,Kilinochchi,Maha,onion,6.4,36.59,16.64,18.44,11.73,1.21
Red Yellow Podzolic,Matara,Yala,cocoa,5.32,36.72,18.05,26.36,21.99,4.07
Alluvial,Trincomalee,Maha,chili,6.05,77.18,37.58,41.64,40.0,4.94
Reddish Brown Earth,Kurunegala,Maha,groundnut,5.65,58.41,20.38,39.59,19.34,3.81
Alluvial,Ampara,Yala,vegetables,6.33,63.5,24.25,40.71,21.87,5.62
Red Yellow Podzolic,Ratnapura,Maha,pepper,5.26,44.39,14.97,35.87,31.17,4.91
Regosol,Mannar,Maha,tomato,6.69,45.17,18.5,26.04,9.79,2.33
Alluvial,Colombo,Yala,vegetables,6.71,83.45,40.29,47.01,33.23,3.97
Red Yellow Podzolic,Kandy,Maha,pepper,4.64,40.62,16.62,42.24,34.21,5.0
Red Yellow Podzolic,Matara,Yala,cocoa,4.64,52.08,14.76,26.47,24.43,3.34
Alluvial,Trincomalee,Maha,paddy,7.45,73.22,20.44,65.79,29.64,4.92
Red Yellow Podzolic,Kegalle,Yala,cocoa,4.8,56.36,14.0,27.5,25.57,4.73
Red Yellow Podzolic,Kegalle,Yala,vegetables,4.73,51.14,13.31,27.02,34.62,5.17
Red Yellow Podzolic,Matale,Yala,vegetables,5.76,50.94,26.06,38.2,34.51,5.34
Reddish Brown Earth,Anuradhapura,Yala,groundnut,5.63,68.95,26.81,36.26,14.07,3.37
Regosol,Kilinochchi,Maha,tomato,6.46,39.23,16.87,27.25,11.09,1.27
Reddish Brown Earth,Kurunegala,Yala,chili,5.48,65.82,24.62,54.24,23.16,1.84
Reddish Brown Earth,Anuradhapura,Yala,groundnut,5.66,67.96,23.94,55.51,21.77,2.19
Red Yellow Podzolic,Matale,Yala,pepper,4.92,38.65,14.68,30.73,26.95,4.85
Regosol,Mannar,Maha,tomato,6.23,42.42,21.71,34.23,18.86,2.09
Alluvial,Ampara,Maha,vegetables,6.85,74.79,23.3,66.06,27.34,5.05
Alluvial,Ampara,Yala,paddy,7.27,89.23,21.23,63.27,26.43,4.21
Alluvial,Ampara,Yala,paddy,6.89,74.55,32.21,64.66,26.71,5.67
Red Yellow Podzolic,Galle,Yala,vegetables,5.21,58.01,23.07,33.59,32.86,3.58
Alluvial,Colombo,Yala,paddy,6.1,68.68,30.7,55.8,25.72,4.93
Alluvial,Trincomalee,Yala,vegetables,6.17,70.7,21.47,65.06,23.38,5.42
Reddish Brown Earth,Anuradhapura,Maha,onion,6.69,50.85,33.58,49.4,22.32,3.23
Regosol,Jaffna,Yala,groundnut,7.01,42.8,22.18,35.52,15.71,1.93
Red Yellow Podzolic,Matara,Yala,rubber,5.4,55.36,18.05,41.46,27.52,3.03
Alluvial,Kalutara,Maha,big onion,6.69,57.29,38.01,67.7,32.63,4.02
Regosol,Kilinochchi,Yala,tomato,6.41,40.83,13.24,24.72,11.99,1.62
Red Yellow Podzolic,Matara,Maha,cocoa,5.49,41.49,17.76,36.98,37.45,3.65
Regosol,Mullaitivu,Yala,chili,6.9,41.5,17.92,31.65,13.95,0.9
Alluvial,Trincomalee,Yala,banana,6.48,59.56,41.33,40.66,38.67,3.65
Regosol,Puttalam,Yala,chili,6.6,45.65,10.09,18.2,11.43,1.69
Reddish Brown Earth,Hambantota,Yala,groundnut,5.52,61.47,24.02,45.28,21.32,1.9
Red Yellow Podzolic,Ratnapura,Yala,vegetables,5.05,55.72,24.62,34.45,33.21,3.18
Red Yellow Podzolic,Kegalle,Yala,pepper,4.98,41.8,13.19,26.56,34.04,4.25
Red Yellow Podzolic,Matara,Maha,vegetables,5.25,50.92,23.37,39.02,35.14,4.5
Red Yellow Podzolic,Matara,Yala,tea,4.51,36.36,24.71,33.95,30.98,3.57
Reddish Brown Earth,Kurunegala,Yala,chili,5.49,50.84,22.5,54.78,20.12,3.41
Red Yellow Podzolic,Kandy,Yala,rubber,5.27,56.41,15.14,42.26,33.72,3.92
Alluvial,Colombo,Yala,big onion,7.12,79.65,34.01,62.15,23.9,3.36
Reddish Brown Earth,Hambantota,Maha,groundnut,6.16,46.22,22.78,49.94,25.48,3.12
Red Yellow Podzolic,Galle,Maha,tea,5.23,51.44,17.68,36.17,27.31,6.08
Regosol,Puttalam,Yala,tomato,7.22,40.87,15.15,19.15,11.58,1.48
Regosol,Puttalam,Maha,watermelon,6.74,35.32,21.78,32.35,20.47,2.28
Regosol,Kilinochchi,Maha,tomato,6.18,45.78,10.1,26.5,17.8,1.58
Red Yellow Podzolic,Matale,Yala,vegetables,5.21,47.37,22.96,30.39,35.01,3.97
Red Yellow Podzolic,Kegalle,Yala,pepper,5.42,47.04,17.38,30.77,26.77,3.33
Reddish Brown Earth,Anuradhapura,Yala,groundnut,5.46,58.65,31.83,39.38,20.25,2.57
Reddish Brown Earth,Kurunegala,Maha,maize,5.71,59.18,19.34,53.3,26.16,3.8
Reddish Brown Earth,Anuradhapura,Yala,maize,6.13,54.66,22.28,56.29,24.7,3.01
Red Yellow Podzolic,Kandy,Yala,vegetables,4.94,50.79,14.32,24.19,33.57,3.51
Regosol,Mannar,Maha,groundnut,6.66,39.93,10.11,27.6,12.14,1.11
Reddish Brown Earth,Monaragala,Yala,chili,6.15,68.86,30.56,36.03,23.97,2.94
Regosol,Kilinochchi,Maha,chili,6.38,29.81,14.81,22.64,12.59,2.46
Reddish Brown Earth,Hambantota,Yala,maize,6.44,63.06,30.95,43.01,15.76,2.43
Reddish Brown Earth,Kurunegala,Maha,maize,6.58,53.17,25.06,40.02,25.44,3.73
Red Yellow Podzolic,Matara,Maha,tea,5.5,56.24,22.11,40.32,33.77,5.29
Red Yellow Podzolic,Matara,Maha,vegetables,5.07,47.77,24.75,37.4,35.74,2.79
Reddish Brown Earth,Kurunegala,Yala,chili,5.9,61.59,31.95,59.52,18.44,1.87
Reddish Brown Earth,Polonnaruwa,Yala,onion,6.22,58.71,23.53,59.87,18.23,2.57
Regosol,Puttalam,Maha,groundnut,7.79,31.18,21.49,21.97,18.65,2.08
Alluvial,Colombo,Maha,vegetables,6.72,80.37,26.21,50.46,34.43,4.57
Reddish Brown Earth,Kurunegala,Yala,onion,5.95,54.48,21.9,46.52,12.23,2.17
Alluvial,Colombo,Maha,banana,6.14,55.44,24.78,52.61,38.16,4.54
Alluvial,Kalutara,Maha,chili,7.42,82.41,39.76,52.53,25.61,5.95
Red Yellow Podzolic,Matara,Yala,rubber,5.12,37.28,13.52,27.68,23.56,4.28
Red Yellow Podzolic,Matara,Yala,vegetables,4.66,53.59,15.25,41.72,35.04,3.83
Reddish Brown Earth,Polonnaruwa,Yala,cowpea,5.84,67.01,29.92,41.91,13.37,3.7
Red Yellow Podzolic,Matara,Maha,vegetables,4.91,57.77,26.63,21.68,31.35,3.79
Alluvial,Trincomalee,Yala,big onion,7.34,84.09,36.59,69.82,32.09,5.2
Reddish Brown Earth,Kurunegala,Maha,onion,5.52,61.76,26.64,35.46,19.07,3.77
Regosol,Kilinochchi,Maha,onion,5.94,42.41,17.35,31.09,18.22,1.28
Regosol,Mullaitivu,Yala,onion,7.68,41.02,23.2,19.04,16.17,1.35
Regosol,Mannar,Maha,onion,6.15,38.72,21.13,22.09,15.72,1.46
Alluvial,Kalutara,Maha,banana,6.11,78.3,27.12,67.72,25.74,4.94
Red Yellow Podzolic,Galle,Yala,vegetables,5.36,40.02,21.99,27.26,26.46,4.52
Regosol,Mannar,Maha,chili,6.18,38.76,13.54,35.54,21.59,2.56
Regosol,Puttalam,Maha,watermelon,7.16,28.69,13.97,32.94,18.42,2.09
Reddish Brown Earth,Monaragala,Maha,chili,5.79,46.52,34.12,56.99,27.08,3.22
Regosol,Kilinochchi,Yala,tomato,5.93,47.32,15.84,27.47,12.72,2.3
Alluvial,Gampaha,Maha,paddy,6.26,60.74,26.76,63.81,34.98,3.6
Red Yellow Podzolic,Ratnapura,Yala,tea,5.31,54.95,21.55,39.92,29.48,3.34
Reddish Brown Earth,Kurunegala,Yala,onion,5.81,55.41,20.54,44.41,20.17,2.61
Alluvial,Ampara,Maha,chili,6.26,72.75,23.32,53.4,39.28,3.75
Regosol,Jaffna,Yala,tomato,6.46,29.81,11.44,29.9,8.0,2.06
Alluvial,Colombo,Yala,chili,7.4,73.7,30.0,52.72,35.75,3.95
Alluvial,Ampara,Yala,chili,6.72,68.08,25.67,60.58,38.27,5.25
Alluvial,Kalutara,Maha,banana,6.87,64.95,40.16,63.87,26.24,3.37
Regosol,Mannar,Maha,chili,7.62,28.93,14.09,26.83,15.49,2.2
Reddish Brown Earth,Kurunegala,Yala,groundnut,5.99,68.85,32.89,41.58,16.16,2.1
Red Yellow Podzolic,Matara,Maha,pepper,5.44,53.25,25.54,23.38,27.41,4.01
Regosol,Mullaitivu,Maha,groundnut,6.37,36.21,18.9,23.44,20.17,0.98
Reddish Brown Earth,Monaragala,Maha,chili,5.69,55.9,18.49,43.4,23.71,2.77
Red Yellow Podzolic,Ratnapura,Yala,rubber,5.51,59.03,19.34,32.72,31.41,2.58
Alluvial,Ampara,Yala,big onion,6.5,56.8,41.02,47.94,27.66,4.28
Alluvial,Colombo,Maha,vegetables,7.25,64.12,32.3,53.9,24.26,3.14
Reddish Brown Earth,Polonnaruwa,Yala,onion,6.04,67.63,32.38,37.31,17.01,2.22
Red Yellow Podzolic,Kandy,Maha,tea,4.63,36.0,12.97,39.73,33.39,4.76
Red Yellow Podzolic,Galle,Yala,cocoa,5.08,59.13,18.13,22.91,26.16,3.62
Regosol,Jaffna,Yala,chili,7.64,40.97,19.71,27.33,8.58,1.57
Alluvial,Ampara,Yala,big onion,6.12,70.17,38.73,48.34,22.25,3.64
Alluvial,Trincomalee,Yala,big onion,6.53,74.84,25.45,59.44,31.95,5.53
Regosol,Kilinochchi,Yala,groundnut,6.97,38.53,12.04,27.39,11.81,1.14
Reddish Brown Earth,Hambantota,Yala,onion,6.08,48.97,24.34,42.07,15.75,2.35
Red Yellow Podzolic,Ratnapura,Maha,vegetables,5.31,54.54,13.8,23.74,35.25,4.29
Alluvial,Kalutara,Maha,banana,6.15,80.42,33.47,63.33,23.49,4.32
Red Yellow Podzolic,Galle,Maha,pepper,5.2,57.07,19.66,23.94,31.97,4.04
Red Yellow Podzolic,Galle,Maha,vegetables,5.02,56.51,24.41,31.43,27.58,4.05
Reddish Brown Earth,Kurunegala,Maha,cowpea,6.59,68.6,34.45,42.38,26.67,3.44
Reddish Brown Earth,Monaragala,Maha,cowpea,5.46,55.9,26.84,55.16,25.06,3.75
Reddish Brown Earth,Polonnaruwa,Maha,onion,5.82,61.56,26.93,42.84,16.57,3.6
Regosol,Kilinochchi,Maha,groundnut,5.81,36.51,14.18,20.14,13.33,1.92
Reddish Brown Earth,Anuradhapura,Yala,onion,6.17,60.46,31.19,44.51,22.3,2.28
Reddish Brown Earth,Hambantota,Maha,chili,6.12,54.59,33.67,47.71,26.36,3.81
Red Yellow Podzolic,Kandy,Maha,rubber,5.32,35.5,19.65,31.7,34.55,4.98
Red Yellow Podzolic,Ratnapura,Yala,rubber,4.96,35.0,25.05,44.97,28.2,3.91
Alluvial,Kalutara,Maha,paddy,7.06,83.34,27.9,65.84,40.0,3.65
Regosol,Mullaitivu,Maha,groundnut,6.94,36.15,21.85,28.01,19.11,0.9
Regosol,Puttalam,Yala,onion,6.86,42.51,22.12,29.03,12.66,2.15
Red Yellow Podzolic,Galle,Maha,cocoa,5.6,37.62,23.5,24.73,27.24,2.89
Regosol,Jaffna,Yala,watermelon,6.12,33.84,16.08,25.18,17.15,1.04
Red Yellow Podzolic,Matara,Maha,rubber,5.72,53.51,20.26,36.69,30.85,4.06
Reddish Brown Earth,Monaragala,Maha,onion,5.79,61.58,33.96,38.36,16.6,1.97
Reddish Brown Earth,Monaragala,Maha,groundnut,5.96,67.77,18.94,38.1,16.93,2.19
Reddish Brown Earth,Hambantota,Maha,onion,5.94,55.41,27.01,44.71,17.57,2.51
Alluvial,Colombo,Yala,big onion,6.43,79.17,41.35,52.71,36.48,3.22
Alluvial,Trincomalee,Maha,banana,6.24,57.74,33.61,67.93,40.0,4.91
Alluvial,Gampaha,Yala,big onion,6.26,68.86,32.49,67.45,24.47,5.3
Regosol,Mannar,Yala,onion,7.69,35.16,14.38,19.8,8.0,1.96
Alluvial,Batticaloa,Yala,big onion,7.02,64.36,27.11,58.87,21.22,5.61
Reddish Brown Earth,Kurunegala,Maha,onion,6.1,67.28,32.47,52.8,27.6,3.22
Reddish Brown Earth,Hambantota,Maha,groundnut,6.23,59.93,18.36,54.67,17.91,2.03
Regosol,Jaffna,Maha,watermelon,7.79,25.73,23.01,24.53,13.65,1.35
Reddish Brown Earth,Kurunegala,Yala,onion,5.45,46.71,28.73,58.02,24.14,3.16
Regosol,Mannar,Maha,groundnut,7.79,42.42,12.7,25.44,17.89,2.06
Regosol,Mullaitivu,Maha,chili,6.39,45.74,15.48,24.68,11.38,2.31
Regosol,Mullaitivu,Maha,chili,7.76,35.6,11.04,23.0,12.55,1.33
Regosol,Kilinochchi,Yala,chili,7.12,33.04,12.95,37.18,11.1,2.26
Alluvial,Kalutara,Maha,banana,6.46,76.15,31.52,44.06,40.0,6.06
Reddish Brown Earth,Hambantota,Yala,onion,6.61,64.89,22.65,38.05,18.23,2.37
Red Yellow Podzolic,Kegalle,Maha,tea,4.51,52.62,14.27,22.77,32.73,4.22
Alluvial,Ampara,Yala,paddy,6.58,69.62,28.28,53.79,23.2,4.47
Red Yellow Podzolic,Kegalle,Maha,rubber,5.3,53.81,23.4,32.13,26.81,3.28
Alluvial,Colombo,Yala,big onion,6.97,56.84,24.79,44.17,30.39,5.06
Reddish Brown Earth,Hambantota,Yala,onion,5.75,45.06,30.34,55.94,17.83,3.02
Red Yellow Podzolic,Kegalle,Yala,pepper,4.76,38.94,27.18,43.71,36.54,4.45
Reddish Brown Earth,Polonnaruwa,Yala,onion,5.88,64.77,18.24,48.41,16.47,2.99
Reddish Brown Earth,Hambantota,Yala,cowpea,6.39,57.22,30.3,53.49,18.3,3.27
Red Yellow Podzolic,Matale,Yala,tea,4.57,59.56,14.69,42.13,23.49,4.96
Alluvial,Trincomalee,Yala,big onion,7.11,55.64,24.16,40.66,34.9,5.3
Regosol,Mullaitivu,Maha,chili,6.04,35.03,13.83,21.84,11.39,1.13
Alluvial,Ampara,Maha,vegetables,6.08,78.63,20.94,43.55,38.74,5.04
Reddish Brown Earth,Monaragala,Yala,onion,6.24,69.66,23.49,59.27,15.1,2.52
Regosol,Puttalam,Yala,onion,5.82,28.33,14.53,31.86,12.96,1.89
Alluvial,Colombo,Maha,paddy,7.47,78.57,31.39,69.8,31.17,4.0
Regosol,Kilinochchi,Maha,watermelon,5.94,35.48,23.04,28.08,10.62,1.7
Reddish Brown Earth,Polonnaruwa,Maha,chili,5.43,58.85,24.27,55.09,22.01,3.13
Alluvial,Ampara,Maha,big onion,6.6,72.72,22.24,67.76,40.0,3.11
Alluvial,Trincomalee,Yala,paddy,6.04,58.79,38.41,50.47,36.01,2.88
Red Yellow Podzolic,Galle,Yala,cocoa,4.8,55.76,21.61,41.66,33.7,3.05
Alluvial,Gampaha,Maha,big onion,6.36,59.58,41.35,67.29,29.58,4.48
Alluvial,Kalutara,Maha,banana,6.3,84.0,32.34,61.37,24.59,5.74
Red Yellow Podzolic,Matale,Yala,cocoa,5.58,36.97,19.11,38.27,24.06,4.0
Reddish Brown Earth,Polonnaruwa,Maha,groundnut,5.5,66.77,28.54,41.02,26.48,2.18
Alluvial,Trincomalee,Maha,vegetables,6.25,71.15,20.82,59.73,31.73,4.35
Regosol,Puttalam,Yala,watermelon,6.42,49.69,11.0,35.7,17.09,0.85
Alluvial,Gampaha,Yala,paddy,6.98,88.25,29.18,54.76,36.26,3.53
Red Yellow Podzolic,Matale,Yala,rubber,5.65,56.91,13.49,30.17,23.38,4.49
Regosol,Mannar,Yala,watermelon,6.77,26.71,17.68,22.85,15.76,0.99
Red Yellow Podzolic,Matara,Maha,tea,4.84,35.9,20.79,40.65,37.68,6.1
Reddish Brown Earth,Hambantota,Yala,maize,5.71,59.3,27.77,59.82,15.76,3.76
Regosol,Kilinochchi,Yala,tomato,6.77,37.32,21.84,35.34,8.0,0.95
Red Yellow Podzolic,Matale,Yala,tea,4.99,42.39,26.73,22.15,34.41,5.13
Regosol,Mannar,Maha,watermelon,5.85,40.97,19.46,27.24,13.07,1.31
Reddish Brown Earth,Polonnaruwa,Maha,chili,6.42,51.63,28.6,44.94,17.64,2.65
Alluvial,Colombo,Yala,vegetables,6.41,79.07,25.62,57.53,29.26,4.83
Regosol,Puttalam,Yala,onion,5.93,30.46,14.22,29.98,16.44,0.8
Alluvial,Trincomalee,Yala,vegetables,6.3,81.63,39.0,46.53,22.85,4.7
Alluvial,Gampaha,Yala,big onion,6.86,70.46,40.68,54.72,27.84,5.33
Regosol,Puttalam,Yala,watermelon,7.03,45.25,12.45,22.98,15.71,1.93
Reddish Brown Earth,Anuradhapura,Yala,chili,5.72,56.62,28.38,44.47,13.41,3.5
Regosol,Kilinochchi,Yala,watermelon,7.54,49.15,18.43,27.73,12.86,2.22
Regosol,Mannar,Maha,tomato,6.84,43.76,17.04,18.37,19.22,1.75
Regosol,Puttalam,Yala,onion,6.09,35.64,15.77,19.84,11.69,0.87
Red Yellow Podzolic,Matara,Yala,vegetables,5.37,39.7,15.38,40.6,32.21,4.78
Alluvial,Kalutara,Maha,banana,6.18,70.91,22.11,50.86,37.38,4.69
Reddish Brown Earth,Monaragala,Yala,chili,6.12,53.59,34.94,48.76,17.07,2.71
Red Yellow Podzolic,Ratnapura,Yala,vegetables,5.47,35.62,20.27,39.26,29.72,4.03
Red Yellow Podzolic,Matale,Yala,pepper,5.31,47.33,24.36,25.91,35.57,4.78
Alluvial,Colombo,Maha,vegetables,6.57,66.71,32.6,64.25,25.74,5.01
Red Yellow Podzolic,Matale,Maha,rubber,5.12,48.92,20.2,26.17,27.76,4.43
Regosol,Mannar,Yala,onion,7.39,33.32,13.13,29.52,16.2,0.8
Red Yellow Podzolic,Kandy,Maha,tea,4.66,47.67,14.17,41.28,37.93,3.15
Alluvial,Colombo,Yala,banana,6.18,58.95,24.46,58.68,24.42,4.18
Alluvial,Ampara,Yala,chili,6.85,61.93,25.11,60.62,27.01,4.86
Regosol,Kilinochchi,Yala,groundnut,7.32,34.78,17.39,23.66,13.33,1.08
Regosol,Puttalam,Maha,watermelon,6.79,29.26,23.58,24.76,18.48,2.33
Red Yellow Podzolic,Ratnapura,Maha,vegetables,4.8,42.22,14.99,41.05,35.96,5.27
Red Yellow Podzolic,Kegalle,Yala,rubber,5.69,50.34,21.94,47.8,31.31,3.46
Alluvial,Ampara,Maha,paddy,6.58,82.17,37.16,43.64,35.71,5.88
Alluvial,Colombo,Yala,big onion,7.18,67.42,36.34,65.05,26.22,4.97
Reddish Brown Earth,Hambantota,Maha,chili,5.85,53.33,29.39,56.44,19.79,3.52
Regosol,Puttalam,Yala,tomato,7.46,48.17,17.24,26.72,8.5,1.98
Regosol,Jaffna,Maha,chili,6.39,38.37,15.47,19.55,18.7,2.01
Regosol,Jaffna,Maha,tomato,7.35,33.61,12.0,32.97,21.04,1.79
Reddish Brown Earth,Anuradhapura,Yala,chili,5.71,63.84,34.22,42.55,20.89,1.82
Alluvial,Colombo,Yala,big onion,7.21,75.9,22.16,54.86,21.65,5.06
Alluvial,Trincomalee,Maha,big onion,6.68,82.18,32.63,49.95,30.2,5.79
Reddish Brown Earth,Polonnaruwa,Maha,groundnut,5.81,63.57,34.16,52.25,16.67,3.37
Regosol,Kilinochchi,Maha,tomato,7.37,40.6,16.35,27.28,14.56,2.02
Red Yellow Podzolic,Galle,Yala,vegetables,5.42,58.41,21.16,25.89,26.04,3.68
Regosol,Kilinochchi,Yala,onion,6.25,30.08,23.24,34.27,8.95,1.95
Red Yellow Podzolic,Galle,Maha,tea,5.27,50.67,15.98,37.34,30.86,3.55
Red Yellow Podzolic,Kandy,Yala,tea,4.66,58.79,13.19,24.25,27.68,4.93
Red Yellow Podzolic,Matale,Maha,cocoa,5.04,58.01,14.86,45.68,27.27,5.14
Regosol,Puttalam,Yala,chili,7.68,41.63,15.3,19.14,11.49,1.33
Regosol,Kilinochchi,Yala,chili,6.1,43.84,15.9,22.56,16.28,1.46
Alluvial,Gampaha,Yala,paddy,6.03,86.92,34.29,46.94,30.86,5.73
Alluvial,Gampaha,Maha,big onion,7.41,76.73,23.09,43.36,37.57,5.89
Reddish Brown Earth,Kurunegala,Maha,groundnut,6.19,60.97,24.89,45.69,18.33,2.75
Red Yellow Podzolic,Ratnapura,Maha,pepper,5.45,41.85,25.18,35.41,34.17,3.0
Alluvial,Ampara,Maha,big onion,6.18,62.59,21.46,60.03,38.8,5.22
Red Yellow Podzolic,Kegalle,Yala,cocoa,5.77,48.51,16.36,33.91,36.65,4.59
Alluvial,Batticaloa,Yala,chili,6.18,78.67,20.2,41.26,34.43,4.23
Alluvial,Batticaloa,Yala,paddy,6.7,78.95,27.94,62.3,38.15,5.27
Reddish Brown Earth,Monaragala,Yala,chili,6.4,64.45,26.55,45.47,14.25,2.2
Alluvial,Colombo,Maha,chili,6.3,68.87,25.29,62.39,37.88,5.63
Reddish Brown Earth,Anuradhapura,Maha,groundnut,6.21,51.62,19.38,41.0,21.72,2.34
Alluvial,Colombo,Yala,banana,6.38,56.18,35.55,56.77,30.15,4.27
Reddish Brown Earth,Kurunegala,Maha,chili,6.5,69.36,31.91,50.34,24.95,2.14
Red Yellow Podzolic,Matale,Yala,pepper,4.65,54.04,15.71,29.98,25.75,4.51
Reddish Brown Earth,Hambantota,Yala,groundnut,6.38,52.18,22.85,36.48,20.79,2.93
Regosol,Puttalam,Yala,chili,5.92,49.03,12.54,32.27,10.72,0.96
Regosol,Kilinochchi,Yala,onion,7.73,31.19,13.78,28.63,14.59,1.27
Alluvial,Trincomalee,Maha,vegetables,6.44,74.17,21.69,45.81,35.82,5.15
Red Yellow Podzolic,Galle,Yala,cocoa,4.82,54.11,20.18,32.22,32.95,2.88
Regosol,Mannar,Yala,onion,5.97,46.92,14.17,29.74,11.04,1.68
Alluvial,Trincomalee,Maha,vegetables,7.04,58.34,29.9,40.68,27.41,4.59
Red Yellow Podzolic,Matale,Maha,cocoa,5.19,36.5,27.95,40.89,28.47,5.44
Regosol,Puttalam,Yala,onion,7.0,26.22,15.28,22.03,9.72,2.24
Alluvial,Gampaha,Yala,banana,7.17,64.78,22.16,62.13,36.66,3.93
Red Yellow Podzolic,Galle,Maha,cocoa,5.54,43.98,20.71,34.08,38.83,4.07
Regosol,Puttalam,Maha,onion,7.28,39.22,13.04,24.1,21.23,1.72
Reddish Brown Earth,Monaragala,Yala,onion,6.36,48.86,25.05,37.48,17.21,2.55
Red Yellow Podzolic,Matale,Yala,vegetables,5.26,43.61,25.4,26.47,34.98,2.77
Reddish Brown Earth,Anuradhapura,Maha,cowpea,6.42,55.29,29.39,53.38,19.72,2.25
Red Yellow Podzolic,Matale,Yala,vegetables,5.12,36.6,15.55,22.0,22.16,3.65
Alluvial,Trincomalee,Yala,chili,6.51,74.38,27.18,57.8,33.14,5.33
Regosol,Mullaitivu,Maha,tomato,7.37,48.05,12.15,37.05,14.49,2.02
Alluvial,Ampara,Maha,big onion,6.4,63.61,23.53,60.61,27.78,3.53
Alluvial,Trincomalee,Maha,paddy,7.23,89.34,34.89,43.98,39.82,4.36
Alluvial,Kalutara,Yala,banana,6.97,58.25,31.89,52.94,31.66,3.12
Red Yellow Podzolic,Matale,Yala,rubber,5.37,51.93,13.09,35.72,31.31,2.99
Reddish Brown Earth,Kurunegala,Maha,chili,5.49,65.79,19.58,37.41,25.29,3.63
Reddish Brown Earth,Polonnaruwa,Maha,chili,6.17,61.57,19.43,45.72,26.17,2.27
Reddish Brown Earth,Polonnaruwa,Maha,cowpea,5.89,60.12,18.67,36.82,26.34,3.06
Alluvial,Batticaloa,Maha,big onion,6.8,66.7,32.71,45.87,36.72,4.07
Alluvial,Trincomalee,Yala,chili,7.09,59.24,35.37,40.55,31.81,4.79
Red Yellow Podzolic,Matara,Yala,pepper,5.29,58.81,20.23,44.73,33.46,2.91
Red Yellow Podzolic,Galle,Maha,cocoa,5.38,44.13,22.45,42.95,34.43,3.81
Regosol,Mullaitivu,Yala,groundnut,6.07,32.94,21.02,18.79,14.01,1.41
Regosol,Jaffna,Yala,tomato,6.02,33.18,17.87,21.79,8.2,1.67
Alluvial,Gampaha,Maha,paddy,6.52,71.57,33.76,47.09,40.0,4.52
Reddish Brown Earth,Kurunegala,Yala,chili,6.18,55.65,29.73,43.79,13.28,3.54
Red Yellow Podzolic,Ratnapura,Yala,rubber,4.9,42.1,22.02,26.86,33.95,2.59
Red Yellow Podzolic,Kandy,Maha,vegetables,4.61,51.36,23.0,27.9,31.7,3.05
Red Yellow Podzolic,Kandy,Maha,rubber,5.4,39.26,17.72,32.49,34.11,5.43
Alluvial,Gampaha,Yala,chili,6.77,72.12,32.58,42.83,29.21,3.27
Reddish Brown Earth,Kurunegala,Yala,chili,5.56,69.33,28.35,40.98,14.31,2.9
Reddish Brown Earth,Hambantota,Yala,maize,5.64,54.04,30.86,50.64,21.53,2.21
Reddish Brown Earth,Polonnaruwa,Yala,groundnut,6.59,58.55,28.91,36.47,10.81,3.34
Reddish Brown Earth,Anuradhapura,Maha,cowpea,5.49,50.95,29.37,40.36,18.05,3.84
Alluvial,Colombo,Yala,big onion,6.04,68.61,39.73,66.87,36.71,3.07
Regosol,Mullaitivu,Maha,onion,6.91,45.01,11.72,20.58,12.56,1.16
Reddish Brown Earth,Polonnaruwa,Yala,maize,5.77,62.85,23.89,46.06,16.12,2.76
Reddish Brown Earth,Anuradhapura,Maha,groundnut,6.58,65.67,19.21,39.15,19.65,3.26
Red Yellow Podzolic,Kandy,Maha,tea,5.47,46.23,27.18,24.18,28.26,3.37
Reddish Brown Earth,Polonnaruwa,Maha,maize,5.74,68.37,27.85,45.44,17.87,2.75
Regosol,Mullaitivu,Maha,watermelon,6.82,33.41,16.32,26.65,13.25,1.56
Regosol,Mullaitivu,Maha,groundnut,6.72,29.09,11.93,31.92,11.77,1.29
Reddish Brown Earth,Kurunegala,Maha,cowpea,5.71,48.06,25.64,38.52,17.71,3.84
Regosol,Mullaitivu,Yala,onion,5.8,36.62,21.61,23.78,16.36,0.8
Alluvial,Kalutara,Maha,paddy,6.49,64.32,26.24,58.01,32.53,5.92
Regosol,Jaffna,Maha,tomato,7.8,46.96,12.95,28.1,20.9,2.43
Reddish Brown Earth,Anuradhapura,Maha,onion,6.35,49.09,24.45,59.74,22.93,3.15
Alluvial,Colombo,Maha,banana,6.3,66.21,36.67,65.58,27.31,3.28
